edad_desarrollo_desde,edad_desarrollo_hasta,anios_origen_usados,factor_ponderado_por_volumen
0,1,9,1.643225
1,2,8,1.273702
2,3,7,1.121866
3,4,6,1.075555
4,5,5,1.048585
5,6,4,1.027393
6,7,3,1.018252
7,8,2,1.013272
8,9,1,1.007167
